team,title,rank,created_date
HARRY POTTER,1,Jake,2023-01-04 23:10:20
FAIRY TALE,3,Pete,2023-01-04 23:10:20
LESSONS IN CHEMISTRY,1,Jake,2023-01-04 23:10:20
A GOOD GIRL'S GUIDE TO MURDER,3,Pete,2023-01-04 23:10:20
ODDER,3,Pete,2023-01-04 23:10:21
FIVE SURVIVE,1,Jake,2023-01-04 23:10:21
THE COMPLETE COOKBOOK FOR YOUNG CHEFS,1,Jake,2023-01-04 23:10:21
IT STARTS WITH US,1,Jake,2023-01-04 23:10:22
VERITY,3,Pete,2023-01-04 23:10:22
BLOODMARKED,3,Pete,2023-01-04 23:10:22
THE LIGHT WE CARRY,1,Jake,2023-01-04 23:10:23
"FRIENDS, LOVERS, AND THE BIG TERRIBLE THING",3,Pete,2023-01-04 23:10:23
"THE BOY, THE MOLE, THE FOX AND THE HORSE",3,Pete,2023-01-04 23:10:24
ATOMIC HABITS,1,Jake,2023-01-04 23:10:24
THE JANUARY 6TH REPORT,3,Pete,2023-01-04 23:10:24
THE JANUARY 6 REPORT,1,Jake,2023-01-04 23:10:24
THE WONDERFUL THINGS YOU WILL BE,3,Pete,2023-01-04 23:10:25
THE DAY THE CRAYONS QUIT,1,Jake,2023-01-04 23:10:25
I'M GLAD MY MOM DIED,3,Pete,2023-01-04 23:10:26
IT ENDS WITH US,3,Pete,2023-01-04 23:10:26
INVISIBLE,3,Pete,2023-01-04 23:54:03
THE JUDGE'S LIST,1,Jake,2023-01-04 23:54:03
DARE TO LEAD,3,Pete,2023-01-04 23:54:08
WISH,1,Jake,2023-01-04 23:54:10
THE ONE AND ONLY IVAN,3,Pete,2023-01-04 23:54:10
"CHAINSAW MAN, VOL. 1",3,Pete,2023-01-04 23:54:12
COLLABORATIONS,1,Jake,2023-01-04 23:54:12
THEY BOTH DIE AT THE END,3,Pete,2023-01-04 23:54:17
GIRL IN PIECES,1,Jake,2023-01-04 23:54:17
DIARY OF A WIMPY KID,1,Jake,2023-01-11 23:14:20
WITHOUT A TRACE,3,Pete,2023-01-11 23:14:20
THE STOLEN HEIR,1,Jake,2023-01-11 23:14:21
WONDER,1,Jake,2023-01-11 23:14:21
TWO DEGREES,3,Pete,2023-01-11 23:14:21
"SONG OF SILVER, FLAME LIKE NIGHT",3,Pete,2023-01-11 23:14:22
THE SUBTLE ART OF NOT GIVING A F*CK,3,Pete,2023-01-11 23:14:24
LITTLE BLUE TRUCK'S VALENTINE,1,Jake,2023-01-11 23:14:25
DRAGONS LOVE TACOS,3,Pete,2023-01-11 23:14:25
HELL BENT,1,Jake,2023-01-18 23:02:19
THE GOOD LIFE,3,Pete,2023-01-18 23:02:23
SPARE,1,Jake,2023-01-18 23:02:23
ALL ABOUT LOVE,3,Pete,2023-01-18 23:02:24
THE BODY KEEPS THE SCORE,1,Jake,2023-01-18 23:02:24
THE HOUSE OF WOLVES,3,Pete,2023-01-18 23:02:25
LITTLE LEADERS,3,Pete,2023-01-25 23:06:23
MYSTERIES OF THORN MANOR,3,Pete,2023-01-25 23:06:24
THE NAZI CONSPIRACY,3,Pete,2023-01-25 23:06:25
THE CREATIVE ACT,1,Jake,2023-01-25 23:06:26
LOVE FROM THE VERY HUNGRY CATERPILLAR,3,Pete,2023-01-25 23:06:27
BRAIDING SWEETGRASS,3,Pete,2023-01-25 23:06:27
THE CABINET OF DR. LENG,3,Pete,2023-01-25 23:06:28
THE HOUSE IN THE PINES,3,Pete,2023-02-01 23:11:20
REFUGEE,3,Pete,2023-02-01 23:11:21
NEVER GIVE AN INCH,3,Pete,2023-02-01 23:11:23
"START, STAY, OR LEAVE",3,Pete,2023-02-01 23:11:24
HOW TO CATCH A LOVEOSAURUS,3,Pete,2023-02-01 23:11:25
21ST BIRTHDAY,3,Pete,2023-02-01 23:55:05
HIGH STAKES,1,Jake,2023-02-01 23:55:05
MOON RISING,1,Jake,2023-02-01 23:55:14
MARY ANNE'S BAD LUCK MYSTERY,3,Pete,2023-02-01 23:55:15
THE LAST HOURS,1,Jake,2023-02-08 23:15:23
HEART BONES,3,Pete,2023-02-08 23:15:24
THE DAVENPORTS,3,Pete,2023-02-08 23:15:24
THE WILD ROBOT,3,Pete,2023-02-15 00:00:02
WHEN YOU TRAP A TIGER,1,Jake,2023-02-15 00:00:02
ENCORE IN DEATH,1,Jake,2023-02-15 23:20:22
THESE INFINITE THREADS,1,Jake,2023-02-15 23:20:24
"LOVE, PAMELA",3,Pete,2023-02-15 23:20:25
SOMEONE ELSE'S SHOES,3,Pete,2023-02-22 23:05:23
NICK AND CHARLIE,1,Jake,2023-02-22 23:05:25
8 RULES OF LOVE,3,Pete,2023-02-22 23:05:27
UNSCRIPTED,3,Pete,2023-02-22 23:05:30
I HAVE SOME QUESTIONS FOR YOU,3,Pete,2023-03-01 23:10:22
THINGS WE HIDE FROM THE LIGHT,1,Jake,2023-03-01 23:10:24
YOUNG FOREVER,1,Jake,2023-03-01 23:10:26
CASTE,3,Pete,2023-03-01 23:10:26
HOW TO CATCH A LEPRECHAUN,1,Jake,2023-03-01 23:10:27
BEAUTIFUL,1,Jake,2023-03-01 23:55:03
SHADOWS REEL,3,Pete,2023-03-01 23:55:03
"MY HERO ACADEMIA, VOL. 33",3,Pete,2023-03-01 23:55:15
THE WAY I USED TO BE,3,Pete,2023-03-01 23:55:18
IF HE HAD BEEN WITH ME,1,Jake,2023-03-01 23:55:18
STORM WATCH,1,Jake,2023-03-08 23:15:24
A DAY OF FALLEN NIGHT,3,Pete,2023-03-08 23:15:24
FINALLY SEEN,1,Jake,2023-03-08 23:15:25
IMMORTALITY,1,Jake,2023-03-08 23:15:26
NEVER NEVER,1,Jake,2023-03-08 23:15:26
THE COURAGE TO BE FREE,1,Jake,2023-03-08 23:15:27
HOW TO CATCH THE EASTER BUNNY,3,Pete,2023-03-08 23:15:30
ICEBERG,1,Jake,2023-03-15 22:20:25
DAISY JONES & THE SIX,3,Pete,2023-03-15 22:20:26
PETE THE CAT: THE GREAT LEPRECHAUN CHASE,3,Pete,2023-03-15 22:20:30
I WILL FIND YOU,1,Jake,2023-03-22 22:06:22
THE HUNGER GAMES,3,Pete,2023-03-22 22:06:23
PARIS,3,Pete,2023-03-22 22:06:25
SAVED,1,Jake,2023-03-22 22:06:25
PETE THE CAT: BIG EASTER ADVENTURE,3,Pete,2023-03-22 22:06:27
COUNTDOWN,3,Pete,2023-03-29 22:10:24
"POVERTY, BY AMERICA",1,Jake,2023-03-29 22:10:27
HELLO BEAUTIFUL,3,Pete,2023-04-05 22:05:23
OUTLIVE,1,Jake,2023-04-05 22:05:26
SWEET ENOUGH,3,Pete,2023-04-05 22:05:27
THE GOOD EGG PRESENTS: THE GREAT EGGSCAPE!,3,Pete,2023-04-05 22:05:28
REMARKABLY BRIGHT CREATURES,3,Pete,2023-04-05 23:10:05
TWENTY THOUSAND FLEAS UNDER THE SEA,1,Jake,2023-04-05 23:10:10
"SPY X FAMILY, VOL. 9",3,Pete,2023-04-05 23:10:10
TOM CLANCY: ZERO HOUR,3,Pete,2023-04-05 23:10:15
DEATH OF THE BLACK WIDOW,1,Jake,2023-04-05 23:10:15
THE ISLAND,3,Pete,2023-04-05 23:10:19
ROMANTIC COMEDY,3,Pete,2023-04-12 22:11:21
NIC BLAKE AND THE REMARKABLES,1,Jake,2023-04-12 22:11:22
SILVER IN THE BONE,1,Jake,2023-04-12 22:11:23
SPELL BOUND,3,Pete,2023-04-12 22:11:23
BUILT TO MOVE,3,Pete,2023-04-12 22:11:25
CRYING IN H MART,1,Jake,2023-04-12 22:11:25
THE WISDOM OF THE BULLFROG,1,Jake,2023-04-12 22:11:25
DARK ANGEL,1,Jake,2023-04-19 22:15:23
THE ONLY SURVIVORS,3,Pete,2023-04-19 22:15:23
THE LAST THING HE TOLD ME,1,Jake,2023-04-19 22:15:26
YOU COULD MAKE THIS PLACE BEAUTIFUL,3,Pete,2023-04-19 22:15:27
SIMPLY LIES,1,Jake,2023-04-26 22:01:20
YOU CAN'T JOKE ABOUT THAT,3,Pete,2023-04-26 22:01:23
THE WAGER,1,Jake,2023-04-26 22:01:23
KILLERS OF THE FLOWER MOON,3,Pete,2023-04-26 22:01:26
HAPPY PLACE,1,Jake,2023-05-03 22:05:26
Y'ALL EAT YET?,3,Pete,2023-05-03 22:05:31
BECAUSE I HAD A TEACHER,1,Jake,2023-05-03 22:05:32
BETTER THAN THE MOVIES,3,Pete,2023-05-03 22:51:06
MOTHERING HEIGHTS,3,Pete,2023-05-03 22:51:11
TWO ALONE,3,Pete,2023-05-03 22:51:19
THE RUSSIAN,1,Jake,2023-05-03 22:51:19
THE 23RD MIDNIGHT,3,Pete,2023-05-10 22:11:20
THE ONE AND ONLY,1,Jake,2023-05-10 22:11:21
SKANDAR AND THE PHANTOM RIDER,3,Pete,2023-05-10 22:11:22
SOLITAIRE,1,Jake,2023-05-10 22:11:22
THE SUN AND THE STAR,1,Jake,2023-05-10 22:11:22
"IMOGEN, OBVIOUSLY",3,Pete,2023-05-10 22:11:22
MEET ME AT THE LAKE,1,Jake,2023-05-10 22:11:23
"MAGNOLIA TABLE, VOL. 3",1,Jake,2023-05-10 22:11:24
THE GLUCOSE GODDESS METHOD,3,Pete,2023-05-10 22:11:24
THE ESCAPE ARTIST,3,Pete,2023-05-10 22:11:25
"THANK YOU, TEACHER FROM THE VERY HUNGRY CATERPILLAR",3,Pete,2023-05-10 22:11:26
LOOK FOR ME THERE,3,Pete,2023-05-10 22:11:27
FOURTH WING,3,Pete,2023-05-17 22:11:22
WARRIOR GIRL UNEARTHED,3,Pete,2023-05-17 22:11:24
THERE ARE MOMS WAY WORSE THAN YOU,3,Pete,2023-05-17 22:11:26
WHY A SON NEEDS A MOM,3,Pete,2023-05-17 22:11:27
A DAY WITH NO WORDS,1,Jake,2023-05-17 22:11:27
THE MAKING OF ANOTHER MAJOR MOTION PICTURE MASTERPIECE,3,Pete,2023-05-17 22:11:28
THE DADDY DIARIES,3,Pete,2023-05-17 22:11:29
ONLY THE DEAD,1,Jake,2023-05-24 22:16:19
PAINTED DEVILS,3,Pete,2023-05-24 22:16:21
QUIETLY HOSTILE,3,Pete,2023-05-24 22:16:24
I WISH YOU MORE,1,Jake,2023-05-24 22:16:24
IDENTITY,1,Jake,2023-05-31 22:20:19
THE COVENANT OF WATER,3,Pete,2023-05-31 22:20:19
THE SHIFT,3,Pete,2023-05-31 22:20:23
THE BOOK OF CHARLIE,3,Pete,2023-05-31 22:20:23
WHY A DAUGHTER NEEDS A DAD,1,Jake,2023-05-31 22:20:25
CRAVE,1,Jake,2023-06-07 22:04:23
GIRLS LIKE GIRLS,1,Jake,2023-06-07 22:04:25
SPARRING PARTNERS,1,Jake,2023-06-07 23:09:03
CLIVE CUSSLER'S DARK VECTOR,3,Pete,2023-06-07 23:09:03
RESTART,3,Pete,2023-06-07 23:09:05
"I WILL TEACH YOU TO BE RICH, SECOND EDITION",3,Pete,2023-06-07 23:09:08
GREENLIGHTS,3,Pete,2023-06-07 23:09:10
GRIME AND PUNISHMENT,3,Pete,2023-06-07 23:09:13
THE SUMMER I TURNED PRETTY TRILOGY,1,Jake,2023-06-14 22:10:21
ICEBREAKER,3,Pete,2023-06-14 22:10:23
PAGEBOY,1,Jake,2023-06-14 22:10:24
I LOVE DAD WITH THE VERY HUNGRY CATERPILLAR,3,Pete,2023-06-14 22:10:26
CROSS DOWN,1,Jake,2023-06-14 22:10:26
THE FIVE-STAR WEEKEND,1,Jake,2023-06-21 22:14:20
"CATCH A CRAYFISH, COUNT THE STARS",1,Jake,2023-06-21 22:14:21
"LOVE, THEORETICALLY",1,Jake,2023-06-21 22:14:22
THE IN-BETWEEN,3,Pete,2023-06-21 22:14:27
1964,3,Pete,2023-06-28 22:18:23
CAN'T HURT ME,3,Pete,2023-06-28 22:18:24
TOO LATE,1,Jake,2023-07-05 22:02:21
OUT OF MY MIND,1,Jake,2023-07-05 23:06:01
FGTEEV: OUT OF TIME!,3,Pete,2023-07-05 23:06:06
APPLES NEVER FALL,3,Pete,2023-07-05 23:06:16
HOW TO CATCH A UNICORN,3,Pete,2023-07-12 22:06:27
BEYOND THE STORY,1,Jake,2023-07-19 22:10:21
AMERICAN PROMETHEUS,3,Pete,2023-07-19 22:10:23
THE SKULL,1,Jake,2023-07-19 22:10:23
OBSESSED,3,Pete,2023-07-19 22:10:24
DIVINE RIVALS,1,Jake,2023-07-26 22:14:20
THE CRAYONS GO BACK TO SCHOOL,1,Jake,2023-07-26 22:14:24
THE COLLECTOR,1,Jake,2023-07-26 22:14:24
JACKIE,3,Pete,2023-07-26 22:14:25
DEAD FALL,3,Pete,2023-08-02 22:20:22
HOUSE OF ROOTS AND RUIN,1,Jake,2023-08-02 22:20:24
BAKING YESTERYEAR,1,Jake,2023-08-02 22:20:26
"TIME FOR SCHOOL, LITTLE BLUE TRUCK",3,Pete,2023-08-02 22:20:27
LIGHT BRINGER,3,Pete,2023-08-02 22:20:28
NO PLAN B,1,Jake,2023-08-02 23:00:05
A LONG WALK TO WATER,1,Jake,2023-08-02 23:00:10
KAREN'S HAIRCUT,3,Pete,2023-08-02 23:00:17
TOM LAKE,1,Jake,2023-08-09 22:20:29
OUT OF NOWHERE,3,Pete,2023-08-09 22:20:29
THE HEAVEN & EARTH GROCERY STORE,3,Pete,2023-08-16 22:20:22
HAPPINESS,3,Pete,2023-08-16 22:20:28
"RED, WHITE AND ROYAL BLUE",3,Pete,2023-08-23 22:20:27
DEAD MOUNTAIN,3,Pete,2023-08-30 22:20:24
FOXGLOVE,1,Jake,2023-08-30 22:20:25
THE HOUSEMAID,3,Pete,2023-08-30 22:20:26
SAFE AND SOUND,1,Jake,2023-08-30 22:20:28
THE PIGEON HAS TO GO TO SCHOOL!,3,Pete,2023-08-30 22:20:29
THE INHERITANCE GAMES,1,Jake,2023-09-06 22:20:38
ASSISTANT TO THE VILLAIN,1,Jake,2023-09-06 22:20:41
VINCE FLYNN: OATH OF LOYALTY,3,Pete,2023-09-06 23:00:14
GAMBLER,3,Pete,2023-09-06 23:00:26
"JUJUTSU KAISEN, VOL. 20",3,Pete,2023-09-06 23:00:35
HOLLY,1,Jake,2023-09-13 22:20:24
PAYBACK IN DEATH,3,Pete,2023-09-13 22:20:24
THIS WINTER,1,Jake,2023-09-13 22:20:26
THINGS WE LEFT BEHIND,1,Jake,2023-09-13 22:20:26
NECESSARY TROUBLE,3,Pete,2023-09-13 22:20:27
THE JOSIAH MANIFESTO,3,Pete,2023-09-13 22:20:28
DON'T LET THE PIGEON DRIVE THE SLEIGH!,1,Jake,2023-09-13 22:20:29
GRUMPY MONKEY DON'T BE SCARED,3,Pete,2023-09-13 22:20:29
VINCE FLYNN: CODE RED,3,Pete,2023-09-20 22:20:21
A HORSE NAMED SKY,3,Pete,2023-09-20 22:20:23
THE SPIRIT BARES ITS TEETH,3,Pete,2023-09-20 22:20:23
BUILD THE LIFE YOU WANT,1,Jake,2023-09-20 22:20:25
THE WORLD CENTRAL KITCHEN COOKBOOK,3,Pete,2023-09-20 22:20:25
ELON MUSK,1,Jake,2023-09-20 22:20:25
JUST BECAUSE,1,Jake,2023-09-20 22:20:27
THE LAST DEVIL TO DIE,3,Pete,2023-09-27 22:20:21
THE OFFICIAL HARRY POTTER COOKBOOK,3,Pete,2023-09-27 22:20:23
A STUDY IN DROWNING,1,Jake,2023-09-27 22:20:23
ASTOR,3,Pete,2023-09-27 22:20:24
THE DEMOCRAT PARTY HATES AMERICA,1,Jake,2023-09-27 22:20:24
THE ARMOR OF LIGHT,3,Pete,2023-10-04 22:20:20
WRECKER,1,Jake,2023-10-04 22:20:21
PERCY JACKSON & THE OLYMPIANS,1,Jake,2023-10-04 22:20:21
HOUSE OF SKY AND BREATH,1,Jake,2023-10-04 22:20:22
THE SCARLET VEIL,3,Pete,2023-10-04 22:20:22
ENOUGH,1,Jake,2023-10-04 22:20:23
CONSTRUCTION SITE: TAKING FLIGHT!,3,Pete,2023-10-04 22:20:25
"SOMETHING, SOMEDAY",1,Jake,2023-10-04 22:20:25
THE RUNNING GRAVE,1,Jake,2023-10-04 22:20:26
THE NOISE,3,Pete,2023-10-04 23:00:03
THE BOYS FROM BILOXI,1,Jake,2023-10-04 23:00:03
HOOKY VOL. 3,1,Jake,2023-10-04 23:00:12
"MY HERO ACADEMIA, VOL. 35",3,Pete,2023-10-04 23:00:12
WINGS OF FIRE: A GUIDE TO THE DRAGON WORLD,1,Jake,2023-10-11 22:20:24
TRUST,3,Pete,2023-10-11 22:20:25
WILDFIRE,1,Jake,2023-10-11 22:20:25
GOING INFINITE,1,Jake,2023-10-11 22:20:26
KILLING THE WITCHES,3,Pete,2023-10-11 22:20:26
JUDGMENT PREY,1,Jake,2023-10-11 22:20:29
HOW TO CATCH A WITCH,3,Pete,2023-10-11 22:20:29
NIGHT OF THE WITCH,3,Pete,2023-10-18 22:00:22
THE HARRY POTTER WIZARDING ALMANAC,1,Jake,2023-10-18 22:00:22
TWISTED LOVE,3,Pete,2023-10-18 22:00:23
NOT THAT FANCY,3,Pete,2023-10-18 22:00:24
BE USEFUL,1,Jake,2023-10-18 22:00:24
THE LEAF THIEF,3,Pete,2023-10-18 22:00:26
THE EXCHANGE,1,Jake,2023-10-25 22:20:22
TWO TWISTED CROWNS,3,Pete,2023-10-25 22:20:24
PREQUEL,1,Jake,2023-10-25 22:20:25
WORTHY,3,Pete,2023-10-25 22:20:25
THE HUNDRED YEARS' WAR ON PALESTINE,3,Pete,2023-10-25 22:20:26
FOREVER STRONG,3,Pete,2023-10-25 22:20:26
THE WHEEL OF THE YEAR,3,Pete,2023-11-01 22:20:24
KING OF GREED,1,Jake,2023-11-01 22:20:25
LONG LIVE THE PUMPKIN QUEEN,3,Pete,2023-11-01 22:20:25
THE WOMAN IN ME,1,Jake,2023-11-01 22:20:26
ROMNEY,3,Pete,2023-11-01 22:20:26
THE PIONEER WOMAN COOKS: DINNER'S READY!,3,Pete,2023-11-01 22:20:27
HIDDEN POTENTIAL,1,Jake,2023-11-01 22:20:27
THE SECRET,1,Jake,2023-11-01 22:20:29
A FLICKER IN THE DARK,3,Pete,2023-11-01 23:00:07
THE  BAD GUYS: A VERY BAD HOLIDAY,3,Pete,2023-11-01 23:00:11
STACEY'S MISTAKE,3,Pete,2023-11-01 23:00:18
"CHAINSAW MAN, VOL. 12",1,Jake,2023-11-01 23:00:18
DIRTY THIRTY,1,Jake,2023-11-08 23:20:23
CURIOUS TIDES,3,Pete,2023-11-08 23:20:25
WHAT THE RIVER KNOWS,1,Jake,2023-11-08 23:20:25
ALL THE LIGHT WE CANNOT SEE,1,Jake,2023-11-08 23:20:26
HOW TO KNOW A PERSON,3,Pete,2023-11-08 23:20:27
BIG HEART LITTLE STOVE,1,Jake,2023-11-08 23:20:27
BEING HENRY,3,Pete,2023-11-08 23:20:27
HOW TO CATCH A TURKEY,3,Pete,2023-11-08 23:20:29
IRON FLAME,1,Jake,2023-11-15 23:20:26
RESURRECTION WALK,3,Pete,2023-11-15 23:20:26
MURTAGH,1,Jake,2023-11-15 23:20:27
LOVE REDESIGNED,3,Pete,2023-11-15 23:20:28
BOOKSHOPS & BONEDUST,1,Jake,2023-11-15 23:20:28
POWERLESS,3,Pete,2023-11-15 23:20:28
THE BIG CHEESE,1,Jake,2023-11-15 23:20:31
THE EDGE,3,Pete,2023-11-22 23:20:22
MY EFFIN' LIFE,3,Pete,2023-11-22 23:20:26
MY NAME IS BARBRA,3,Pete,2023-11-22 23:20:30
THE STORYTELLER,3,Pete,2023-11-29 23:20:26
HOW TO CATCH SANTA CLAUS,3,Pete,2023-11-29 23:20:27
INHERITANCE,3,Pete,2023-11-29 23:20:27
BETTING ON YOU,3,Pete,2023-12-06 23:20:28
HOW TO BE THE LOVE YOU SEEK,1,Jake,2023-12-06 23:20:30
HOW TO CATCH AN ELF,1,Jake,2023-12-06 23:20:32
UNNATURAL DEATH,3,Pete,2023-12-06 23:20:33
THE JAILHOUSE LAWYER,3,Pete,2023-12-07 00:40:06
INFLUENCERS,1,Jake,2023-12-07 00:40:16
CHECK & MATE,1,Jake,2023-12-07 00:40:21
NIGHTBANE,3,Pete,2023-12-13 23:20:25
OATH AND HONOR,1,Jake,2023-12-13 23:20:26
THE BOYS IN THE BOAT,3,Pete,2023-12-13 23:20:28
THE OFFICIAL FIVE NIGHTS AT FREDDY'S COOKBOOK,3,Pete,2023-12-20 23:40:24
THE SEVEN HUSBANDS OF EVELYN HUGO,3,Pete,2023-12-20 23:40:25
